{
  "Pclass": 380.9845958352089,
  "Name": 0.0,
  "Sex": 1120.196810722351,
  "Age": 352.2281090838393,
  "SibSp": 37.85354995727539,
  "Parch": 11.609019756317139,
  "Ticket": 0.0,
  "Fare": 311.1902715405995,
  "Cabin": 0.0,
  "Embarked": 48.88795632123947
}